OrderID,AddressID,CustomerID,EmployeeID,OrderStatus,OrderDate,RequiredDate,ShipDate,Freight,SalesTax
1,1,1,62,Syntax error in formula 'if this == 1 then 'New' elsif this == 2 then 'Paid' elsif == 3 then 'Unshipped' else 'Shipped'  end',2020-02-06,2020-02-12,2020-02-11,1840.95,509.60
2,2,2,72,Syntax error in formula 'if this == 1 then 'New' elsif this == 2 then 'Paid' elsif == 3 then 'Unshipped' else 'Shipped'  end',2020-01-14,2020-01-26,2020-01-26,1920.91,570.52
3,3,3,79,Syntax error in formula 'if this == 1 then 'New' elsif this == 2 then 'Paid' elsif == 3 then 'Unshipped' else 'Shipped'  end',2020-05-06,2020-05-20,2020-05-07,1080.66,818.99
4,4,4,90,Syntax error in formula 'if this == 1 then 'New' elsif this == 2 then 'Paid' elsif == 3 then 'Unshipped' else 'Shipped'  end',2020-11-06,2020-11-15,2020-11-05,1557.31,896.73
5,5,5,138,Syntax error in formula 'if this == 1 then 'New' elsif this == 2 then 'Paid' elsif == 3 then 'Unshipped' else 'Shipped'  end',2020-09-29,2020-10-12,2020-10-09,1786.85,261.66
6,6,6,17,Syntax error in formula 'if this == 1 then 'New' elsif this == 2 then 'Paid' elsif == 3 then 'Unshipped' else 'Shipped'  end',2020-07-17,2020-07-28,2020-07-27,1065.40,879.75
7,7,7,137,Syntax error in formula 'if this == 1 then 'New' elsif this == 2 then 'Paid' elsif == 3 then 'Unshipped' else 'Shipped'  end',2020-03-27,2020-04-07,2020-04-04,1408.03,112.06
8,8,8,68,Syntax error in formula 'if this == 1 then 'New' elsif this == 2 then 'Paid' elsif == 3 then 'Unshipped' else 'Shipped'  end',2020-08-06,2020-08-19,2020-08-14,1315.57,217.24
9,9,9,77,Syntax error in formula 'if this == 1 then 'New' elsif this == 2 then 'Paid' elsif == 3 then 'Unshipped' else 'Shipped'  end',2020-03-12,2020-03-21,2020-03-20,1756.75,783.52
10,10,10,91,Syntax error in formula 'if this == 1 then 'New' elsif this == 2 then 'Paid' elsif == 3 then 'Unshipped' else 'Shipped'  end',2020-07-14,2020-07-27,2020-07-21,1670.84,678.90
11,11,11,147,Syntax error in formula 'if this == 1 then 'New' elsif this == 2 then 'Paid' elsif == 3 then 'Unshipped' else 'Shipped'  end',2020-09-04,2020-09-15,2020-09-11,1376.46,675.96
12,12,12,196,Syntax error in formula 'if this == 1 then 'New' elsif this == 2 then 'Paid' elsif == 3 then 'Unshipped' else 'Shipped'  end',2020-05-13,2020-05-22,2020-05-22,1416.35,521.75
13,13,13,52,Syntax error in formula 'if this == 1 then 'New' elsif this == 2 then 'Paid' elsif == 3 then 'Unshipped' else 'Shipped'  end',2020-05-31,2020-06-12,2020-05-29,1839.54,257.72
14,14,14,62,Syntax error in formula 'if this == 1 then 'New' elsif this == 2 then 'Paid' elsif == 3 then 'Unshipped' else 'Shipped'  end',2020-08-29,2020-09-09,2020-09-04,1602.54,873.80
15,15,15,50,Syntax error in formula 'if this == 1 then 'New' elsif this == 2 then 'Paid' elsif == 3 then 'Unshipped' else 'Shipped'  end',2020-05-27,2020-06-03,2020-06-06,1113.18,888.87
16,1,1,99,Syntax error in formula 'if this == 1 then 'New' elsif this == 2 then 'Paid' elsif == 3 then 'Unshipped' else 'Shipped'  end',2020-09-26,2020-10-03,2020-09-30,1883.41,529.39
17,2,2,102,Syntax error in formula 'if this == 1 then 'New' elsif this == 2 then 'Paid' elsif == 3 then 'Unshipped' else 'Shipped'  end',2020-05-05,2020-05-17,2020-05-15,1962.89,524.55
18,3,3,140,Syntax error in formula 'if this == 1 then 'New' elsif this == 2 then 'Paid' elsif == 3 then 'Unshipped' else 'Shipped'  end',2020-01-04,2020-01-14,2020-01-14,1120.79,861.37
19,4,4,131,Syntax error in formula 'if this == 1 then 'New' elsif this == 2 then 'Paid' elsif == 3 then 'Unshipped' else 'Shipped'  end',2020-02-23,2020-03-02,2020-02-19,1407.87,181.54
20,5,5,12,Syntax error in formula 'if this == 1 then 'New' elsif this == 2 then 'Paid' elsif == 3 then 'Unshipped' else 'Shipped'  end',2020-10-30,2020-11-08,2020-11-07,1858.29,971.11
21,6,6,67,Syntax error in formula 'if this == 1 then 'New' elsif this == 2 then 'Paid' elsif == 3 then 'Unshipped' else 'Shipped'  end',2020-01-16,2020-01-23,2020-01-24,1096.36,157.70
22,7,7,127,Syntax error in formula 'if this == 1 then 'New' elsif this == 2 then 'Paid' elsif == 3 then 'Unshipped' else 'Shipped'  end',2020-11-26,2020-12-08,2020-12-03,1522.01,178.12
23,8,8,149,Syntax error in formula 'if this == 1 then 'New' elsif this == 2 then 'Paid' elsif == 3 then 'Unshipped' else 'Shipped'  end',2020-04-24,2020-05-06,2020-05-03,1618.28,535.94
24,9,9,114,Syntax error in formula 'if this == 1 then 'New' elsif this == 2 then 'Paid' elsif == 3 then 'Unshipped' else 'Shipped'  end',2020-09-16,2020-09-26,2020-09-21,1319.04,769.18
25,10,10,186,Syntax error in formula 'if this == 1 then 'New' elsif this == 2 then 'Paid' elsif == 3 then 'Unshipped' else 'Shipped'  end',2020-11-27,2020-12-05,2020-11-30,1468.76,914.00
26,11,11,152,Syntax error in formula 'if this == 1 then 'New' elsif this == 2 then 'Paid' elsif == 3 then 'Unshipped' else 'Shipped'  end',2020-04-10,2020-04-20,2020-04-13,1519.87,973.40
27,12,12,173,Syntax error in formula 'if this == 1 then 'New' elsif this == 2 then 'Paid' elsif == 3 then 'Unshipped' else 'Shipped'  end',2020-01-14,2020-01-23,2020-01-15,1191.79,764.20
28,13,13,132,Syntax error in formula 'if this == 1 then 'New' elsif this == 2 then 'Paid' elsif == 3 then 'Unshipped' else 'Shipped'  end',2020-06-15,2020-06-24,2020-06-22,1408.13,449.19
29,14,14,78,Syntax error in formula 'if this == 1 then 'New' elsif this == 2 then 'Paid' elsif == 3 then 'Unshipped' else 'Shipped'  end',2020-08-08,2020-08-16,2020-08-16,1877.43,632.72
30,15,15,101,Syntax error in formula 'if this == 1 then 'New' elsif this == 2 then 'Paid' elsif == 3 then 'Unshipped' else 'Shipped'  end',2020-11-28,2020-12-05,2020-12-01,1480.10,894.19
31,1,1,37,Syntax error in formula 'if this == 1 then 'New' elsif this == 2 then 'Paid' elsif == 3 then 'Unshipped' else 'Shipped'  end',2020-04-28,2020-05-08,2020-05-07,1163.94,754.08
32,2,2,54,Syntax error in formula 'if this == 1 then 'New' elsif this == 2 then 'Paid' elsif == 3 then 'Unshipped' else 'Shipped'  end',2020-09-05,2020-09-17,2020-09-10,1162.69,832.59
33,3,3,130,Syntax error in formula 'if this == 1 then 'New' elsif this == 2 then 'Paid' elsif == 3 then 'Unshipped' else 'Shipped'  end',2020-08-15,2020-08-27,2020-08-19,1074.30,960.71
34,4,4,59,Syntax error in formula 'if this == 1 then 'New' elsif this == 2 then 'Paid' elsif == 3 then 'Unshipped' else 'Shipped'  end',2020-07-11,2020-07-22,2020-07-20,1061.32,713.11
35,5,5,92,Syntax error in formula 'if this == 1 then 'New' elsif this == 2 then 'Paid' elsif == 3 then 'Unshipped' else 'Shipped'  end',2020-03-27,2020-04-06,2020-03-29,1315.44,719.44
36,6,6,54,Syntax error in formula 'if this == 1 then 'New' elsif this == 2 then 'Paid' elsif == 3 then 'Unshipped' else 'Shipped'  end',2020-03-18,2020-03-28,2020-03-27,1011.52,996.40
37,7,7,2,Syntax error in formula 'if this == 1 then 'New' elsif this == 2 then 'Paid' elsif == 3 then 'Unshipped' else 'Shipped'  end',2020-10-26,2020-11-06,2020-10-30,1670.25,460.92
38,8,8,112,Syntax error in formula 'if this == 1 then 'New' elsif this == 2 then 'Paid' elsif == 3 then 'Unshipped' else 'Shipped'  end',2020-04-10,2020-04-18,2020-04-12,1376.41,350.34
39,9,9,65,Syntax error in formula 'if this == 1 then 'New' elsif this == 2 then 'Paid' elsif == 3 then 'Unshipped' else 'Shipped'  end',2020-10-26,2020-11-07,2020-11-07,1510.16,497.51
40,10,10,53,Syntax error in formula 'if this == 1 then 'New' elsif this == 2 then 'Paid' elsif == 3 then 'Unshipped' else 'Shipped'  end',2020-07-15,2020-07-27,2020-07-16,1236.21,869.12
41,11,11,50,Syntax error in formula 'if this == 1 then 'New' elsif this == 2 then 'Paid' elsif == 3 then 'Unshipped' else 'Shipped'  end',2020-05-17,2020-05-27,2020-05-25,1223.22,704.90
42,12,12,163,Syntax error in formula 'if this == 1 then 'New' elsif this == 2 then 'Paid' elsif == 3 then 'Unshipped' else 'Shipped'  end',2020-04-11,2020-04-21,2020-04-15,1531.98,138.09
43,13,13,125,Syntax error in formula 'if this == 1 then 'New' elsif this == 2 then 'Paid' elsif == 3 then 'Unshipped' else 'Shipped'  end',2020-06-14,2020-06-24,2020-06-18,1211.68,963.95
44,14,14,50,Syntax error in formula 'if this == 1 then 'New' elsif this == 2 then 'Paid' elsif == 3 then 'Unshipped' else 'Shipped'  end',2020-08-18,2020-08-30,2020-08-20,1658.89,139.86
45,15,15,45,Syntax error in formula 'if this == 1 then 'New' elsif this == 2 then 'Paid' elsif == 3 then 'Unshipped' else 'Shipped'  end',2020-06-04,2020-06-13,2020-06-10,1296.78,243.39
46,1,1,33,Syntax error in formula 'if this == 1 then 'New' elsif this == 2 then 'Paid' elsif == 3 then 'Unshipped' else 'Shipped'  end',2020-01-26,2020-02-06,2020-02-01,1173.60,693.78
47,2,2,161,Syntax error in formula 'if this == 1 then 'New' elsif this == 2 then 'Paid' elsif == 3 then 'Unshipped' else 'Shipped'  end',2020-11-01,2020-11-11,2020-11-15,1365.82,475.93
48,3,3,143,Syntax error in formula 'if this == 1 then 'New' elsif this == 2 then 'Paid' elsif == 3 then 'Unshipped' else 'Shipped'  end',2020-04-21,2020-05-02,2020-04-30,1631.17,450.72
49,4,4,129,Syntax error in formula 'if this == 1 then 'New' elsif this == 2 then 'Paid' elsif == 3 then 'Unshipped' else 'Shipped'  end',2020-09-29,2020-10-10,2020-10-03,1751.55,221.61
50,5,5,6,Syntax error in formula 'if this == 1 then 'New' elsif this == 2 then 'Paid' elsif == 3 then 'Unshipped' else 'Shipped'  end',2020-08-10,2020-08-22,2020-08-22,1891.55,414.02
51,6,6,169,Syntax error in formula 'if this == 1 then 'New' elsif this == 2 then 'Paid' elsif == 3 then 'Unshipped' else 'Shipped'  end',2020-08-14,2020-08-21,2020-08-19,1192.39,573.96
52,7,7,182,Syntax error in formula 'if this == 1 then 'New' elsif this == 2 then 'Paid' elsif == 3 then 'Unshipped' else 'Shipped'  end',2020-02-14,2020-02-20,2020-02-12,1069.75,254.86
53,8,8,182,Syntax error in formula 'if this == 1 then 'New' elsif this == 2 then 'Paid' elsif == 3 then 'Unshipped' else 'Shipped'  end',2020-05-07,2020-05-18,2020-05-08,1025.89,203.67
54,9,9,47,Syntax error in formula 'if this == 1 then 'New' elsif this == 2 then 'Paid' elsif == 3 then 'Unshipped' else 'Shipped'  end',2020-06-17,2020-06-30,2020-06-26,1326.30,546.65
55,10,10,12,Syntax error in formula 'if this == 1 then 'New' elsif this == 2 then 'Paid' elsif == 3 then 'Unshipped' else 'Shipped'  end',2020-01-06,2020-01-13,2020-01-08,1530.85,296.49
56,11,11,118,Syntax error in formula 'if this == 1 then 'New' elsif this == 2 then 'Paid' elsif == 3 then 'Unshipped' else 'Shipped'  end',2020-07-09,2020-07-21,2020-07-12,1892.11,800.70
57,12,12,29,Syntax error in formula 'if this == 1 then 'New' elsif this == 2 then 'Paid' elsif == 3 then 'Unshipped' else 'Shipped'  end',2020-02-18,2020-02-29,2020-02-22,1966.16,313.84
58,13,13,173,Syntax error in formula 'if this == 1 then 'New' elsif this == 2 then 'Paid' elsif == 3 then 'Unshipped' else 'Shipped'  end',2020-10-19,2020-10-27,2020-10-29,1787.59,348.63
59,14,14,95,Syntax error in formula 'if this == 1 then 'New' elsif this == 2 then 'Paid' elsif == 3 then 'Unshipped' else 'Shipped'  end',2020-03-29,2020-04-09,2020-04-07,1438.62,218.95
60,15,15,187,Syntax error in formula 'if this == 1 then 'New' elsif this == 2 then 'Paid' elsif == 3 then 'Unshipped' else 'Shipped'  end',2020-08-04,2020-08-11,2020-08-14,1939.13,787.19
61,1,1,150,Syntax error in formula 'if this == 1 then 'New' elsif this == 2 then 'Paid' elsif == 3 then 'Unshipped' else 'Shipped'  end',2020-11-26,2020-12-07,2020-11-29,1571.94,135.45
62,2,2,25,Syntax error in formula 'if this == 1 then 'New' elsif this == 2 then 'Paid' elsif == 3 then 'Unshipped' else 'Shipped'  end',2020-08-01,2020-08-09,2020-08-10,1419.62,434.93
63,3,3,45,Syntax error in formula 'if this == 1 then 'New' elsif this == 2 then 'Paid' elsif == 3 then 'Unshipped' else 'Shipped'  end',2020-11-04,2020-11-13,2020-11-02,1724.77,177.65
64,4,4,52,Syntax error in formula 'if this == 1 then 'New' elsif this == 2 then 'Paid' elsif == 3 then 'Unshipped' else 'Shipped'  end',2020-09-17,2020-09-23,2020-09-22,1354.74,924.04
65,5,5,69,Syntax error in formula 'if this == 1 then 'New' elsif this == 2 then 'Paid' elsif == 3 then 'Unshipped' else 'Shipped'  end',2020-10-24,2020-11-01,2020-10-28,1539.75,690.28
66,6,6,39,Syntax error in formula 'if this == 1 then 'New' elsif this == 2 then 'Paid' elsif == 3 then 'Unshipped' else 'Shipped'  end',2020-10-03,2020-10-12,2020-10-10,1751.41,586.60
67,7,7,18,Syntax error in formula 'if this == 1 then 'New' elsif this == 2 then 'Paid' elsif == 3 then 'Unshipped' else 'Shipped'  end',2020-09-30,2020-10-06,2020-10-08,1455.16,572.18
68,8,8,152,Syntax error in formula 'if this == 1 then 'New' elsif this == 2 then 'Paid' elsif == 3 then 'Unshipped' else 'Shipped'  end',2020-09-25,2020-10-05,2020-09-25,1783.09,799.34
69,9,9,1,Syntax error in formula 'if this == 1 then 'New' elsif this == 2 then 'Paid' elsif == 3 then 'Unshipped' else 'Shipped'  end',2020-10-04,2020-10-14,2020-10-05,1201.19,932.51
70,10,10,159,Syntax error in formula 'if this == 1 then 'New' elsif this == 2 then 'Paid' elsif == 3 then 'Unshipped' else 'Shipped'  end',2020-01-18,2020-01-25,2020-02-01,1528.95,523.47
71,11,11,155,Syntax error in formula 'if this == 1 then 'New' elsif this == 2 then 'Paid' elsif == 3 then 'Unshipped' else 'Shipped'  end',2020-05-13,2020-05-25,2020-05-16,1102.43,552.74
72,12,12,152,Syntax error in formula 'if this == 1 then 'New' elsif this == 2 then 'Paid' elsif == 3 then 'Unshipped' else 'Shipped'  end',2020-02-01,2020-02-11,2020-02-03,1946.73,589.03
73,13,13,40,Syntax error in formula 'if this == 1 then 'New' elsif this == 2 then 'Paid' elsif == 3 then 'Unshipped' else 'Shipped'  end',2020-08-26,2020-09-06,2020-08-31,1889.52,929.51
74,14,14,5,Syntax error in formula 'if this == 1 then 'New' elsif this == 2 then 'Paid' elsif == 3 then 'Unshipped' else 'Shipped'  end',2020-05-10,2020-05-19,2020-05-18,1921.90,364.82
75,15,15,117,Syntax error in formula 'if this == 1 then 'New' elsif this == 2 then 'Paid' elsif == 3 then 'Unshipped' else 'Shipped'  end',2020-02-26,2020-03-07,2020-03-07,1872.95,850.42
76,1,1,157,Syntax error in formula 'if this == 1 then 'New' elsif this == 2 then 'Paid' elsif == 3 then 'Unshipped' else 'Shipped'  end',2020-03-19,2020-03-28,2020-03-19,1222.06,726.92
77,2,2,104,Syntax error in formula 'if this == 1 then 'New' elsif this == 2 then 'Paid' elsif == 3 then 'Unshipped' else 'Shipped'  end',2020-04-02,2020-04-15,2020-04-12,1360.64,528.02
78,3,3,2,Syntax error in formula 'if this == 1 then 'New' elsif this == 2 then 'Paid' elsif == 3 then 'Unshipped' else 'Shipped'  end',2020-03-23,2020-04-02,2020-03-31,1446.52,236.56
79,4,4,166,Syntax error in formula 'if this == 1 then 'New' elsif this == 2 then 'Paid' elsif == 3 then 'Unshipped' else 'Shipped'  end',2020-07-11,2020-07-20,2020-07-14,1249.91,279.59
80,5,5,108,Syntax error in formula 'if this == 1 then 'New' elsif this == 2 then 'Paid' elsif == 3 then 'Unshipped' else 'Shipped'  end',2020-06-17,2020-06-29,2020-06-22,1176.37,412.76
81,6,6,6,Syntax error in formula 'if this == 1 then 'New' elsif this == 2 then 'Paid' elsif == 3 then 'Unshipped' else 'Shipped'  end',2020-04-15,2020-04-25,2020-04-14,1919.28,307.22
82,7,7,56,Syntax error in formula 'if this == 1 then 'New' elsif this == 2 then 'Paid' elsif == 3 then 'Unshipped' else 'Shipped'  end',2020-05-02,2020-05-13,2020-05-10,1271.79,482.55
83,8,8,127,Syntax error in formula 'if this == 1 then 'New' elsif this == 2 then 'Paid' elsif == 3 then 'Unshipped' else 'Shipped'  end',2020-04-11,2020-04-19,2020-04-19,1537.28,676.11
84,9,9,195,Syntax error in formula 'if this == 1 then 'New' elsif this == 2 then 'Paid' elsif == 3 then 'Unshipped' else 'Shipped'  end',2020-11-02,2020-11-07,2020-11-14,1509.53,102.96
85,10,10,56,Syntax error in formula 'if this == 1 then 'New' elsif this == 2 then 'Paid' elsif == 3 then 'Unshipped' else 'Shipped'  end',2020-10-01,2020-10-10,2020-10-05,1951.20,516.61
86,11,11,139,Syntax error in formula 'if this == 1 then 'New' elsif this == 2 then 'Paid' elsif == 3 then 'Unshipped' else 'Shipped'  end',2020-07-29,2020-08-09,2020-08-04,1993.87,132.15
87,12,12,96,Syntax error in formula 'if this == 1 then 'New' elsif this == 2 then 'Paid' elsif == 3 then 'Unshipped' else 'Shipped'  end',2020-06-01,2020-06-09,2020-06-06,1294.14,294.97
88,13,13,171,Syntax error in formula 'if this == 1 then 'New' elsif this == 2 then 'Paid' elsif == 3 then 'Unshipped' else 'Shipped'  end',2020-04-12,2020-04-23,2020-04-26,1324.97,167.32
89,14,14,84,Syntax error in formula 'if this == 1 then 'New' elsif this == 2 then 'Paid' elsif == 3 then 'Unshipped' else 'Shipped'  end',2020-06-30,2020-07-11,2020-07-02,1181.00,450.20
90,15,15,142,Syntax error in formula 'if this == 1 then 'New' elsif this == 2 then 'Paid' elsif == 3 then 'Unshipped' else 'Shipped'  end',2020-03-10,2020-03-20,2020-03-14,1995.89,503.53
91,1,1,25,Syntax error in formula 'if this == 1 then 'New' elsif this == 2 then 'Paid' elsif == 3 then 'Unshipped' else 'Shipped'  end',2020-01-27,2020-02-07,2020-02-04,1351.34,803.77
92,2,2,143,Syntax error in formula 'if this == 1 then 'New' elsif this == 2 then 'Paid' elsif == 3 then 'Unshipped' else 'Shipped'  end',2020-11-21,2020-12-06,2020-11-21,1343.74,998.26
93,3,3,31,Syntax error in formula 'if this == 1 then 'New' elsif this == 2 then 'Paid' elsif == 3 then 'Unshipped' else 'Shipped'  end',2020-08-20,2020-08-27,2020-08-22,1817.04,116.35
94,4,4,186,Syntax error in formula 'if this == 1 then 'New' elsif this == 2 then 'Paid' elsif == 3 then 'Unshipped' else 'Shipped'  end',2020-06-29,2020-07-11,2020-06-27,1223.36,695.13
95,5,5,81,Syntax error in formula 'if this == 1 then 'New' elsif this == 2 then 'Paid' elsif == 3 then 'Unshipped' else 'Shipped'  end',2020-11-04,2020-11-15,2020-11-07,1758.41,734.38
96,6,6,149,Syntax error in formula 'if this == 1 then 'New' elsif this == 2 then 'Paid' elsif == 3 then 'Unshipped' else 'Shipped'  end',2020-02-03,2020-02-13,2020-02-09,1983.68,114.37
97,7,7,36,Syntax error in formula 'if this == 1 then 'New' elsif this == 2 then 'Paid' elsif == 3 then 'Unshipped' else 'Shipped'  end',2020-06-06,2020-06-13,2020-06-09,1366.61,150.61
98,8,8,60,Syntax error in formula 'if this == 1 then 'New' elsif this == 2 then 'Paid' elsif == 3 then 'Unshipped' else 'Shipped'  end',2020-04-30,2020-05-12,2020-05-05,1967.34,890.64
99,9,9,188,Syntax error in formula 'if this == 1 then 'New' elsif this == 2 then 'Paid' elsif == 3 then 'Unshipped' else 'Shipped'  end',2020-09-12,2020-09-22,2020-09-24,1884.55,322.36
100,10,10,31,Syntax error in formula 'if this == 1 then 'New' elsif this == 2 then 'Paid' elsif == 3 then 'Unshipped' else 'Shipped'  end',2020-10-27,2020-11-08,2020-10-30,1471.66,642.01
101,11,11,59,Syntax error in formula 'if this == 1 then 'New' elsif this == 2 then 'Paid' elsif == 3 then 'Unshipped' else 'Shipped'  end',2020-03-30,2020-04-08,2020-03-31,1431.66,809.67
102,12,12,120,Syntax error in formula 'if this == 1 then 'New' elsif this == 2 then 'Paid' elsif == 3 then 'Unshipped' else 'Shipped'  end',2020-04-04,2020-04-10,2020-04-13,1491.44,433.79
103,13,13,62,Syntax error in formula 'if this == 1 then 'New' elsif this == 2 then 'Paid' elsif == 3 then 'Unshipped' else 'Shipped'  end',2020-05-02,2020-05-11,2020-05-08,1312.80,828.40
104,14,14,47,Syntax error in formula 'if this == 1 then 'New' elsif this == 2 then 'Paid' elsif == 3 then 'Unshipped' else 'Shipped'  end',2020-01-16,2020-01-23,2020-01-23,1411.98,575.45
105,15,15,46,Syntax error in formula 'if this == 1 then 'New' elsif this == 2 then 'Paid' elsif == 3 then 'Unshipped' else 'Shipped'  end',2020-10-05,2020-10-17,2020-10-15,1094.04,560.50
106,1,1,197,Syntax error in formula 'if this == 1 then 'New' elsif this == 2 then 'Paid' elsif == 3 then 'Unshipped' else 'Shipped'  end',2020-06-28,2020-07-11,2020-07-03,1716.72,643.64
107,2,2,26,Syntax error in formula 'if this == 1 then 'New' elsif this == 2 then 'Paid' elsif == 3 then 'Unshipped' else 'Shipped'  end',2020-04-18,2020-04-28,2020-04-24,1744.93,429.83
108,3,3,158,Syntax error in formula 'if this == 1 then 'New' elsif this == 2 then 'Paid' elsif == 3 then 'Unshipped' else 'Shipped'  end',2020-03-08,2020-03-20,2020-03-08,1315.94,836.26
109,4,4,38,Syntax error in formula 'if this == 1 then 'New' elsif this == 2 then 'Paid' elsif == 3 then 'Unshipped' else 'Shipped'  end',2020-02-06,2020-02-19,2020-02-12,1036.34,939.72
110,5,5,103,Syntax error in formula 'if this == 1 then 'New' elsif this == 2 then 'Paid' elsif == 3 then 'Unshipped' else 'Shipped'  end',2020-05-15,2020-05-26,2020-05-21,1127.66,653.94
111,6,6,99,Syntax error in formula 'if this == 1 then 'New' elsif this == 2 then 'Paid' elsif == 3 then 'Unshipped' else 'Shipped'  end',2020-06-12,2020-06-18,2020-06-19,1858.27,139.91
112,7,7,58,Syntax error in formula 'if this == 1 then 'New' elsif this == 2 then 'Paid' elsif == 3 then 'Unshipped' else 'Shipped'  end',2020-07-05,2020-07-17,2020-07-02,1057.36,974.50
113,8,8,53,Syntax error in formula 'if this == 1 then 'New' elsif this == 2 then 'Paid' elsif == 3 then 'Unshipped' else 'Shipped'  end',2020-10-05,2020-10-15,2020-09-29,1739.81,343.96
114,9,9,69,Syntax error in formula 'if this == 1 then 'New' elsif this == 2 then 'Paid' elsif == 3 then 'Unshipped' else 'Shipped'  end',2020-02-14,2020-02-23,2020-02-16,1906.74,918.28
115,10,10,54,Syntax error in formula 'if this == 1 then 'New' elsif this == 2 then 'Paid' elsif == 3 then 'Unshipped' else 'Shipped'  end',2020-08-14,2020-08-22,2020-08-21,1612.54,796.43
116,11,11,77,Syntax error in formula 'if this == 1 then 'New' elsif this == 2 then 'Paid' elsif == 3 then 'Unshipped' else 'Shipped'  end',2020-02-04,2020-02-12,2020-02-11,1262.83,990.11
117,12,12,35,Syntax error in formula 'if this == 1 then 'New' elsif this == 2 then 'Paid' elsif == 3 then 'Unshipped' else 'Shipped'  end',2020-05-24,2020-06-03,2020-06-02,1117.94,879.66
118,13,13,45,Syntax error in formula 'if this == 1 then 'New' elsif this == 2 then 'Paid' elsif == 3 then 'Unshipped' else 'Shipped'  end',2020-06-30,2020-07-11,2020-07-06,1141.69,159.10
119,14,14,50,Syntax error in formula 'if this == 1 then 'New' elsif this == 2 then 'Paid' elsif == 3 then 'Unshipped' else 'Shipped'  end',2020-03-30,2020-04-10,2020-04-05,1280.23,501.97
120,15,15,2,Syntax error in formula 'if this == 1 then 'New' elsif this == 2 then 'Paid' elsif == 3 then 'Unshipped' else 'Shipped'  end',2020-08-22,2020-09-03,2020-08-28,1779.84,588.41
121,1,1,13,Syntax error in formula 'if this == 1 then 'New' elsif this == 2 then 'Paid' elsif == 3 then 'Unshipped' else 'Shipped'  end',2020-03-11,2020-03-22,2020-03-19,1094.74,640.25
122,2,2,168,Syntax error in formula 'if this == 1 then 'New' elsif this == 2 then 'Paid' elsif == 3 then 'Unshipped' else 'Shipped'  end',2020-01-19,2020-02-01,2020-01-19,1930.61,807.11
123,3,3,83,Syntax error in formula 'if this == 1 then 'New' elsif this == 2 then 'Paid' elsif == 3 then 'Unshipped' else 'Shipped'  end',2020-03-26,2020-04-04,2020-03-27,1886.71,553.08
124,4,4,130,Syntax error in formula 'if this == 1 then 'New' elsif this == 2 then 'Paid' elsif == 3 then 'Unshipped' else 'Shipped'  end',2020-02-09,2020-02-21,2020-02-15,1388.75,302.23
125,5,5,31,Syntax error in formula 'if this == 1 then 'New' elsif this == 2 then 'Paid' elsif == 3 then 'Unshipped' else 'Shipped'  end',2020-09-17,2020-09-24,2020-09-23,1383.27,578.00
126,6,6,116,Syntax error in formula 'if this == 1 then 'New' elsif this == 2 then 'Paid' elsif == 3 then 'Unshipped' else 'Shipped'  end',2020-04-17,2020-04-25,2020-04-26,1310.49,710.44
127,7,7,146,Syntax error in formula 'if this == 1 then 'New' elsif this == 2 then 'Paid' elsif == 3 then 'Unshipped' else 'Shipped'  end',2020-03-18,2020-03-24,2020-03-21,1132.76,763.05
128,8,8,90,Syntax error in formula 'if this == 1 then 'New' elsif this == 2 then 'Paid' elsif == 3 then 'Unshipped' else 'Shipped'  end',2020-06-30,2020-07-10,2020-07-06,1516.87,764.00
129,9,9,48,Syntax error in formula 'if this == 1 then 'New' elsif this == 2 then 'Paid' elsif == 3 then 'Unshipped' else 'Shipped'  end',2020-10-09,2020-10-22,2020-10-10,1744.27,501.44
130,10,10,107,Syntax error in formula 'if this == 1 then 'New' elsif this == 2 then 'Paid' elsif == 3 then 'Unshipped' else 'Shipped'  end',2020-01-02,2020-01-14,2020-01-03,1435.05,580.12
131,11,11,29,Syntax error in formula 'if this == 1 then 'New' elsif this == 2 then 'Paid' elsif == 3 then 'Unshipped' else 'Shipped'  end',2020-04-13,2020-04-25,2020-04-24,1048.86,491.83
132,12,12,139,Syntax error in formula 'if this == 1 then 'New' elsif this == 2 then 'Paid' elsif == 3 then 'Unshipped' else 'Shipped'  end',2020-05-06,2020-05-15,2020-05-09,1870.02,667.92
133,13,13,50,Syntax error in formula 'if this == 1 then 'New' elsif this == 2 then 'Paid' elsif == 3 then 'Unshipped' else 'Shipped'  end',2020-06-19,2020-07-02,2020-06-24,1020.61,536.85
134,14,14,72,Syntax error in formula 'if this == 1 then 'New' elsif this == 2 then 'Paid' elsif == 3 then 'Unshipped' else 'Shipped'  end',2020-10-21,2020-10-28,2020-10-28,1189.02,567.20
135,15,15,41,Syntax error in formula 'if this == 1 then 'New' elsif this == 2 then 'Paid' elsif == 3 then 'Unshipped' else 'Shipped'  end',2020-03-11,2020-03-19,2020-03-14,1562.36,571.65
136,1,1,108,Syntax error in formula 'if this == 1 then 'New' elsif this == 2 then 'Paid' elsif == 3 then 'Unshipped' else 'Shipped'  end',2020-03-02,2020-03-11,2020-03-05,1086.47,906.51
137,2,2,149,Syntax error in formula 'if this == 1 then 'New' elsif this == 2 then 'Paid' elsif == 3 then 'Unshipped' else 'Shipped'  end',2020-09-24,2020-10-04,2020-10-03,1644.58,141.07
138,3,3,57,Syntax error in formula 'if this == 1 then 'New' elsif this == 2 then 'Paid' elsif == 3 then 'Unshipped' else 'Shipped'  end',2020-04-25,2020-05-04,2020-04-30,1760.52,421.59
139,4,4,44,Syntax error in formula 'if this == 1 then 'New' elsif this == 2 then 'Paid' elsif == 3 then 'Unshipped' else 'Shipped'  end',2020-03-17,2020-03-27,2020-03-22,1538.18,190.54
140,5,5,167,Syntax error in formula 'if this == 1 then 'New' elsif this == 2 then 'Paid' elsif == 3 then 'Unshipped' else 'Shipped'  end',2020-03-26,2020-04-04,2020-03-24,1080.50,539.45
141,6,6,37,Syntax error in formula 'if this == 1 then 'New' elsif this == 2 then 'Paid' elsif == 3 then 'Unshipped' else 'Shipped'  end',2020-05-03,2020-05-15,2020-05-09,1673.77,944.48
142,7,7,56,Syntax error in formula 'if this == 1 then 'New' elsif this == 2 then 'Paid' elsif == 3 then 'Unshipped' else 'Shipped'  end',2020-09-18,2020-09-30,2020-09-23,1479.42,558.23
143,8,8,109,Syntax error in formula 'if this == 1 then 'New' elsif this == 2 then 'Paid' elsif == 3 then 'Unshipped' else 'Shipped'  end',2020-07-04,2020-07-14,2020-07-07,1187.02,981.99
144,9,9,28,Syntax error in formula 'if this == 1 then 'New' elsif this == 2 then 'Paid' elsif == 3 then 'Unshipped' else 'Shipped'  end',2020-10-28,2020-11-09,2020-10-26,1658.89,120.94
145,10,10,40,Syntax error in formula 'if this == 1 then 'New' elsif this == 2 then 'Paid' elsif == 3 then 'Unshipped' else 'Shipped'  end',2020-04-14,2020-04-26,2020-04-19,1168.33,253.03
146,11,11,15,Syntax error in formula 'if this == 1 then 'New' elsif this == 2 then 'Paid' elsif == 3 then 'Unshipped' else 'Shipped'  end',2020-04-24,2020-05-05,2020-04-28,1688.44,785.43
147,12,12,96,Syntax error in formula 'if this == 1 then 'New' elsif this == 2 then 'Paid' elsif == 3 then 'Unshipped' else 'Shipped'  end',2020-08-12,2020-08-22,2020-08-12,1114.27,989.35
148,13,13,145,Syntax error in formula 'if this == 1 then 'New' elsif this == 2 then 'Paid' elsif == 3 then 'Unshipped' else 'Shipped'  end',2020-01-15,2020-01-23,2020-01-18,1674.32,611.25
149,14,14,133,Syntax error in formula 'if this == 1 then 'New' elsif this == 2 then 'Paid' elsif == 3 then 'Unshipped' else 'Shipped'  end',2020-10-23,2020-11-02,2020-10-23,1796.10,447.25
150,15,15,2,Syntax error in formula 'if this == 1 then 'New' elsif this == 2 then 'Paid' elsif == 3 then 'Unshipped' else 'Shipped'  end',2020-01-31,2020-02-10,2020-02-04,1668.31,550.87
151,1,1,33,Syntax error in formula 'if this == 1 then 'New' elsif this == 2 then 'Paid' elsif == 3 then 'Unshipped' else 'Shipped'  end',2020-11-29,2020-12-08,2020-11-29,1410.33,206.72
152,2,2,134,Syntax error in formula 'if this == 1 then 'New' elsif this == 2 then 'Paid' elsif == 3 then 'Unshipped' else 'Shipped'  end',2020-08-12,2020-08-23,2020-08-16,1297.31,971.93
153,3,3,118,Syntax error in formula 'if this == 1 then 'New' elsif this == 2 then 'Paid' elsif == 3 then 'Unshipped' else 'Shipped'  end',2020-07-01,2020-07-11,2020-07-07,1735.76,786.88
154,4,4,28,Syntax error in formula 'if this == 1 then 'New' elsif this == 2 then 'Paid' elsif == 3 then 'Unshipped' else 'Shipped'  end',2020-09-24,2020-10-03,2020-09-28,1759.55,128.32
155,5,5,199,Syntax error in formula 'if this == 1 then 'New' elsif this == 2 then 'Paid' elsif == 3 then 'Unshipped' else 'Shipped'  end',2020-10-01,2020-10-08,2020-10-10,1987.18,305.57
156,6,6,47,Syntax error in formula 'if this == 1 then 'New' elsif this == 2 then 'Paid' elsif == 3 then 'Unshipped' else 'Shipped'  end',2020-05-22,2020-05-29,2020-06-08,1220.41,964.72
157,7,7,147,Syntax error in formula 'if this == 1 then 'New' elsif this == 2 then 'Paid' elsif == 3 then 'Unshipped' else 'Shipped'  end',2020-07-17,2020-07-24,2020-07-24,1903.63,277.50
158,8,8,48,Syntax error in formula 'if this == 1 then 'New' elsif this == 2 then 'Paid' elsif == 3 then 'Unshipped' else 'Shipped'  end',2020-05-13,2020-05-22,2020-05-24,1412.83,762.80
159,9,9,61,Syntax error in formula 'if this == 1 then 'New' elsif this == 2 then 'Paid' elsif == 3 then 'Unshipped' else 'Shipped'  end',2020-04-08,2020-04-16,2020-04-12,1576.74,249.73
160,10,10,31,Syntax error in formula 'if this == 1 then 'New' elsif this == 2 then 'Paid' elsif == 3 then 'Unshipped' else 'Shipped'  end',2020-03-01,2020-03-15,2020-03-12,1428.77,304.05
161,11,11,70,Syntax error in formula 'if this == 1 then 'New' elsif this == 2 then 'Paid' elsif == 3 then 'Unshipped' else 'Shipped'  end',2020-10-26,2020-11-05,2020-11-07,1240.07,892.15
162,12,12,105,Syntax error in formula 'if this == 1 then 'New' elsif this == 2 then 'Paid' elsif == 3 then 'Unshipped' else 'Shipped'  end',2020-07-25,2020-08-08,2020-07-30,1981.89,142.15
163,13,13,195,Syntax error in formula 'if this == 1 then 'New' elsif this == 2 then 'Paid' elsif == 3 then 'Unshipped' else 'Shipped'  end',2020-03-25,2020-04-05,2020-03-29,1902.70,525.98
164,14,14,102,Syntax error in formula 'if this == 1 then 'New' elsif this == 2 then 'Paid' elsif == 3 then 'Unshipped' else 'Shipped'  end',2020-11-15,2020-11-26,2020-11-22,1142.92,970.86
165,15,15,109,Syntax error in formula 'if this == 1 then 'New' elsif this == 2 then 'Paid' elsif == 3 then 'Unshipped' else 'Shipped'  end',2020-08-11,2020-08-22,2020-08-15,1739.13,401.61
166,1,1,114,Syntax error in formula 'if this == 1 then 'New' elsif this == 2 then 'Paid' elsif == 3 then 'Unshipped' else 'Shipped'  end',2020-05-21,2020-05-29,2020-05-28,1616.43,545.05
167,2,2,77,Syntax error in formula 'if this == 1 then 'New' elsif this == 2 then 'Paid' elsif == 3 then 'Unshipped' else 'Shipped'  end',2020-11-19,2020-12-01,2020-11-20,1574.61,250.45
168,3,3,187,Syntax error in formula 'if this == 1 then 'New' elsif this == 2 then 'Paid' elsif == 3 then 'Unshipped' else 'Shipped'  end',2020-07-10,2020-07-22,2020-07-13,1189.69,757.82
169,4,4,134,Syntax error in formula 'if this == 1 then 'New' elsif this == 2 then 'Paid' elsif == 3 then 'Unshipped' else 'Shipped'  end',2020-10-13,2020-10-25,2020-10-18,1511.47,211.28
170,5,5,170,Syntax error in formula 'if this == 1 then 'New' elsif this == 2 then 'Paid' elsif == 3 then 'Unshipped' else 'Shipped'  end',2020-09-23,2020-10-04,2020-09-28,1683.41,657.21
171,6,6,139,Syntax error in formula 'if this == 1 then 'New' elsif this == 2 then 'Paid' elsif == 3 then 'Unshipped' else 'Shipped'  end',2020-02-04,2020-02-11,2020-02-13,1912.82,699.89
172,7,7,145,Syntax error in formula 'if this == 1 then 'New' elsif this == 2 then 'Paid' elsif == 3 then 'Unshipped' else 'Shipped'  end',2020-07-26,2020-08-06,2020-08-05,1725.55,181.07
173,8,8,131,Syntax error in formula 'if this == 1 then 'New' elsif this == 2 then 'Paid' elsif == 3 then 'Unshipped' else 'Shipped'  end',2020-05-19,2020-06-02,2020-05-24,1722.20,449.66
174,9,9,158,Syntax error in formula 'if this == 1 then 'New' elsif this == 2 then 'Paid' elsif == 3 then 'Unshipped' else 'Shipped'  end',2020-10-25,2020-11-06,2020-11-03,1378.07,195.68
175,10,10,30,Syntax error in formula 'if this == 1 then 'New' elsif this == 2 then 'Paid' elsif == 3 then 'Unshipped' else 'Shipped'  end',2020-07-26,2020-08-03,2020-08-02,1010.77,637.54
176,11,11,148,Syntax error in formula 'if this == 1 then 'New' elsif this == 2 then 'Paid' elsif == 3 then 'Unshipped' else 'Shipped'  end',2020-10-27,2020-11-06,2020-10-31,1925.61,251.49
177,12,12,190,Syntax error in formula 'if this == 1 then 'New' elsif this == 2 then 'Paid' elsif == 3 then 'Unshipped' else 'Shipped'  end',2020-06-22,2020-07-04,2020-06-23,1251.42,796.27
178,13,13,129,Syntax error in formula 'if this == 1 then 'New' elsif this == 2 then 'Paid' elsif == 3 then 'Unshipped' else 'Shipped'  end',2020-10-21,2020-10-29,2020-10-26,1716.44,238.55
179,14,14,56,Syntax error in formula 'if this == 1 then 'New' elsif this == 2 then 'Paid' elsif == 3 then 'Unshipped' else 'Shipped'  end',2020-07-07,2020-07-18,2020-07-09,1639.70,507.51
180,15,15,98,Syntax error in formula 'if this == 1 then 'New' elsif this == 2 then 'Paid' elsif == 3 then 'Unshipped' else 'Shipped'  end',2020-06-22,2020-07-01,2020-06-30,1386.57,518.75
181,1,1,58,Syntax error in formula 'if this == 1 then 'New' elsif this == 2 then 'Paid' elsif == 3 then 'Unshipped' else 'Shipped'  end',2020-06-02,2020-06-11,2020-06-08,1025.37,788.84
182,2,2,16,Syntax error in formula 'if this == 1 then 'New' elsif this == 2 then 'Paid' elsif == 3 then 'Unshipped' else 'Shipped'  end',2020-08-23,2020-09-03,2020-08-25,1819.54,976.80
183,3,3,26,Syntax error in formula 'if this == 1 then 'New' elsif this == 2 then 'Paid' elsif == 3 then 'Unshipped' else 'Shipped'  end',2020-10-22,2020-11-04,2020-10-30,1588.95,970.50
184,4,4,96,Syntax error in formula 'if this == 1 then 'New' elsif this == 2 then 'Paid' elsif == 3 then 'Unshipped' else 'Shipped'  end',2020-10-10,2020-10-20,2020-10-12,1551.49,361.70
185,5,5,197,Syntax error in formula 'if this == 1 then 'New' elsif this == 2 then 'Paid' elsif == 3 then 'Unshipped' else 'Shipped'  end',2020-04-16,2020-04-26,2020-04-18,1026.04,971.24
186,6,6,39,Syntax error in formula 'if this == 1 then 'New' elsif this == 2 then 'Paid' elsif == 3 then 'Unshipped' else 'Shipped'  end',2020-09-28,2020-10-05,2020-10-10,1639.62,769.35
187,7,7,34,Syntax error in formula 'if this == 1 then 'New' elsif this == 2 then 'Paid' elsif == 3 then 'Unshipped' else 'Shipped'  end',2020-06-15,2020-06-29,2020-06-15,1252.24,453.85
188,8,8,60,Syntax error in formula 'if this == 1 then 'New' elsif this == 2 then 'Paid' elsif == 3 then 'Unshipped' else 'Shipped'  end',2020-03-24,2020-04-03,2020-03-31,1699.67,509.37
189,9,9,40,Syntax error in formula 'if this == 1 then 'New' elsif this == 2 then 'Paid' elsif == 3 then 'Unshipped' else 'Shipped'  end',2020-08-13,2020-08-21,2020-08-19,1877.91,305.08
190,10,10,175,Syntax error in formula 'if this == 1 then 'New' elsif this == 2 then 'Paid' elsif == 3 then 'Unshipped' else 'Shipped'  end',2020-07-25,2020-08-03,2020-07-25,1009.44,906.18
191,11,11,193,Syntax error in formula 'if this == 1 then 'New' elsif this == 2 then 'Paid' elsif == 3 then 'Unshipped' else 'Shipped'  end',2020-11-22,2020-12-03,2020-11-28,1287.12,895.23
192,12,12,140,Syntax error in formula 'if this == 1 then 'New' elsif this == 2 then 'Paid' elsif == 3 then 'Unshipped' else 'Shipped'  end',2020-06-30,2020-07-16,2020-06-30,1818.85,972.18
193,13,13,34,Syntax error in formula 'if this == 1 then 'New' elsif this == 2 then 'Paid' elsif == 3 then 'Unshipped' else 'Shipped'  end',2020-06-05,2020-06-13,2020-06-13,1611.86,499.49
194,14,14,59,Syntax error in formula 'if this == 1 then 'New' elsif this == 2 then 'Paid' elsif == 3 then 'Unshipped' else 'Shipped'  end',2020-05-30,2020-06-10,2020-05-30,1775.98,758.84
195,15,15,122,Syntax error in formula 'if this == 1 then 'New' elsif this == 2 then 'Paid' elsif == 3 then 'Unshipped' else 'Shipped'  end',2020-09-10,2020-09-24,2020-09-18,1221.20,692.48
196,1,1,123,Syntax error in formula 'if this == 1 then 'New' elsif this == 2 then 'Paid' elsif == 3 then 'Unshipped' else 'Shipped'  end',2020-03-31,2020-04-10,2020-04-07,1124.67,658.06
197,2,2,43,Syntax error in formula 'if this == 1 then 'New' elsif this == 2 then 'Paid' elsif == 3 then 'Unshipped' else 'Shipped'  end',2020-11-10,2020-11-20,2020-11-06,1043.22,962.99
198,3,3,47,Syntax error in formula 'if this == 1 then 'New' elsif this == 2 then 'Paid' elsif == 3 then 'Unshipped' else 'Shipped'  end',2020-10-18,2020-10-24,2020-10-21,1789.62,770.86
199,4,4,83,Syntax error in formula 'if this == 1 then 'New' elsif this == 2 then 'Paid' elsif == 3 then 'Unshipped' else 'Shipped'  end',2020-02-07,2020-02-17,2020-02-12,1993.31,342.85
200,5,5,11,Syntax error in formula 'if this == 1 then 'New' elsif this == 2 then 'Paid' elsif == 3 then 'Unshipped' else 'Shipped'  end',2020-05-16,2020-05-30,2020-05-21,1531.64,946.28
201,6,6,71,Syntax error in formula 'if this == 1 then 'New' elsif this == 2 then 'Paid' elsif == 3 then 'Unshipped' else 'Shipped'  end',2020-10-01,2020-10-12,2020-10-09,1862.41,705.28
202,7,7,116,Syntax error in formula 'if this == 1 then 'New' elsif this == 2 then 'Paid' elsif == 3 then 'Unshipped' else 'Shipped'  end',2020-03-03,2020-03-16,2020-03-05,1339.58,188.16
203,8,8,135,Syntax error in formula 'if this == 1 then 'New' elsif this == 2 then 'Paid' elsif == 3 then 'Unshipped' else 'Shipped'  end',2020-11-25,2020-12-05,2020-12-03,1686.65,140.83
204,9,9,46,Syntax error in formula 'if this == 1 then 'New' elsif this == 2 then 'Paid' elsif == 3 then 'Unshipped' else 'Shipped'  end',2020-02-21,2020-03-03,2020-02-20,1084.86,716.58
205,10,10,51,Syntax error in formula 'if this == 1 then 'New' elsif this == 2 then 'Paid' elsif == 3 then 'Unshipped' else 'Shipped'  end',2020-09-10,2020-09-22,2020-09-18,1753.87,708.09
206,11,11,7,Syntax error in formula 'if this == 1 then 'New' elsif this == 2 then 'Paid' elsif == 3 then 'Unshipped' else 'Shipped'  end',2020-09-21,2020-09-28,2020-09-27,1388.59,636.15
207,12,12,141,Syntax error in formula 'if this == 1 then 'New' elsif this == 2 then 'Paid' elsif == 3 then 'Unshipped' else 'Shipped'  end',2020-06-16,2020-06-28,2020-06-23,1702.56,415.21
208,13,13,5,Syntax error in formula 'if this == 1 then 'New' elsif this == 2 then 'Paid' elsif == 3 then 'Unshipped' else 'Shipped'  end',2020-05-08,2020-05-19,2020-05-20,1263.97,773.40
209,14,14,103,Syntax error in formula 'if this == 1 then 'New' elsif this == 2 then 'Paid' elsif == 3 then 'Unshipped' else 'Shipped'  end',2020-11-06,2020-11-19,2020-11-13,1481.53,275.94
210,15,15,22,Syntax error in formula 'if this == 1 then 'New' elsif this == 2 then 'Paid' elsif == 3 then 'Unshipped' else 'Shipped'  end',2020-05-04,2020-05-11,2020-05-07,1988.51,624.57
211,1,1,165,Syntax error in formula 'if this == 1 then 'New' elsif this == 2 then 'Paid' elsif == 3 then 'Unshipped' else 'Shipped'  end',2020-01-28,2020-02-06,2020-02-09,1442.41,143.23
212,2,2,15,Syntax error in formula 'if this == 1 then 'New' elsif this == 2 then 'Paid' elsif == 3 then 'Unshipped' else 'Shipped'  end',2020-08-15,2020-08-28,2020-08-13,1614.55,825.95
213,3,3,128,Syntax error in formula 'if this == 1 then 'New' elsif this == 2 then 'Paid' elsif == 3 then 'Unshipped' else 'Shipped'  end',2020-03-02,2020-03-10,2020-03-07,1333.11,520.76
214,4,4,127,Syntax error in formula 'if this == 1 then 'New' elsif this == 2 then 'Paid' elsif == 3 then 'Unshipped' else 'Shipped'  end',2020-02-17,2020-02-28,2020-02-23,1774.77,357.19
215,5,5,58,Syntax error in formula 'if this == 1 then 'New' elsif this == 2 then 'Paid' elsif == 3 then 'Unshipped' else 'Shipped'  end',2020-02-28,2020-03-12,2020-03-06,1699.56,518.50
216,6,6,46,Syntax error in formula 'if this == 1 then 'New' elsif this == 2 then 'Paid' elsif == 3 then 'Unshipped' else 'Shipped'  end',2020-04-02,2020-04-12,2020-04-02,1481.11,818.79
217,7,7,54,Syntax error in formula 'if this == 1 then 'New' elsif this == 2 then 'Paid' elsif == 3 then 'Unshipped' else 'Shipped'  end',2020-10-14,2020-10-26,2020-10-19,1082.93,975.93
218,8,8,1,Syntax error in formula 'if this == 1 then 'New' elsif this == 2 then 'Paid' elsif == 3 then 'Unshipped' else 'Shipped'  end',2020-10-18,2020-10-28,2020-10-14,1719.68,771.58
219,9,9,2,Syntax error in formula 'if this == 1 then 'New' elsif this == 2 then 'Paid' elsif == 3 then 'Unshipped' else 'Shipped'  end',2020-07-12,2020-07-21,2020-07-14,1582.66,934.36
220,10,10,114,Syntax error in formula 'if this == 1 then 'New' elsif this == 2 then 'Paid' elsif == 3 then 'Unshipped' else 'Shipped'  end',2020-04-29,2020-05-07,2020-05-13,1280.19,906.01
221,11,11,50,Syntax error in formula 'if this == 1 then 'New' elsif this == 2 then 'Paid' elsif == 3 then 'Unshipped' else 'Shipped'  end',2020-03-27,2020-04-08,2020-04-02,1267.44,961.97
222,12,12,43,Syntax error in formula 'if this == 1 then 'New' elsif this == 2 then 'Paid' elsif == 3 then 'Unshipped' else 'Shipped'  end',2020-02-27,2020-03-04,2020-03-12,1672.35,195.84
223,13,13,51,Syntax error in formula 'if this == 1 then 'New' elsif this == 2 then 'Paid' elsif == 3 then 'Unshipped' else 'Shipped'  end',2020-07-18,2020-07-28,2020-07-17,1110.54,837.56
224,14,14,177,Syntax error in formula 'if this == 1 then 'New' elsif this == 2 then 'Paid' elsif == 3 then 'Unshipped' else 'Shipped'  end',2020-09-23,2020-10-06,2020-09-30,1988.51,148.66
225,15,15,125,Syntax error in formula 'if this == 1 then 'New' elsif this == 2 then 'Paid' elsif == 3 then 'Unshipped' else 'Shipped'  end',2020-09-03,2020-09-16,2020-09-11,1866.55,808.20
226,1,1,28,Syntax error in formula 'if this == 1 then 'New' elsif this == 2 then 'Paid' elsif == 3 then 'Unshipped' else 'Shipped'  end',2020-01-30,2020-02-10,2020-02-03,1341.99,116.65
227,2,2,145,Syntax error in formula 'if this == 1 then 'New' elsif this == 2 then 'Paid' elsif == 3 then 'Unshipped' else 'Shipped'  end',2020-06-22,2020-07-06,2020-07-09,1384.08,270.26
228,3,3,194,Syntax error in formula 'if this == 1 then 'New' elsif this == 2 then 'Paid' elsif == 3 then 'Unshipped' else 'Shipped'  end',2020-10-07,2020-10-15,2020-10-22,1505.44,397.31
229,4,4,97,Syntax error in formula 'if this == 1 then 'New' elsif this == 2 then 'Paid' elsif == 3 then 'Unshipped' else 'Shipped'  end',2020-09-11,2020-09-22,2020-09-17,1887.92,661.39
230,5,5,176,Syntax error in formula 'if this == 1 then 'New' elsif this == 2 then 'Paid' elsif == 3 then 'Unshipped' else 'Shipped'  end',2020-07-15,2020-07-28,2020-07-16,1397.25,108.77
231,6,6,52,Syntax error in formula 'if this == 1 then 'New' elsif this == 2 then 'Paid' elsif == 3 then 'Unshipped' else 'Shipped'  end',2020-08-05,2020-08-12,2020-08-20,1725.18,521.92
232,7,7,192,Syntax error in formula 'if this == 1 then 'New' elsif this == 2 then 'Paid' elsif == 3 then 'Unshipped' else 'Shipped'  end',2020-06-27,2020-07-07,2020-07-06,1984.91,540.08
233,8,8,28,Syntax error in formula 'if this == 1 then 'New' elsif this == 2 then 'Paid' elsif == 3 then 'Unshipped' else 'Shipped'  end',2020-05-18,2020-05-27,2020-05-20,1842.19,389.92
234,9,9,62,Syntax error in formula 'if this == 1 then 'New' elsif this == 2 then 'Paid' elsif == 3 then 'Unshipped' else 'Shipped'  end',2020-09-01,2020-09-09,2020-09-08,1465.00,501.32
235,10,10,169,Syntax error in formula 'if this == 1 then 'New' elsif this == 2 then 'Paid' elsif == 3 then 'Unshipped' else 'Shipped'  end',2020-06-09,2020-06-20,2020-06-09,1881.52,888.77
236,11,11,117,Syntax error in formula 'if this == 1 then 'New' elsif this == 2 then 'Paid' elsif == 3 then 'Unshipped' else 'Shipped'  end',2020-11-28,2020-12-11,2020-11-30,1598.01,338.20
237,12,12,171,Syntax error in formula 'if this == 1 then 'New' elsif this == 2 then 'Paid' elsif == 3 then 'Unshipped' else 'Shipped'  end',2020-08-11,2020-08-20,2020-08-20,1605.17,799.11
238,13,13,149,Syntax error in formula 'if this == 1 then 'New' elsif this == 2 then 'Paid' elsif == 3 then 'Unshipped' else 'Shipped'  end',2020-04-16,2020-04-24,2020-04-24,1962.04,320.76
239,14,14,88,Syntax error in formula 'if this == 1 then 'New' elsif this == 2 then 'Paid' elsif == 3 then 'Unshipped' else 'Shipped'  end',2020-03-22,2020-04-02,2020-03-27,1707.81,354.94
240,15,15,78,Syntax error in formula 'if this == 1 then 'New' elsif this == 2 then 'Paid' elsif == 3 then 'Unshipped' else 'Shipped'  end',2020-02-10,2020-02-21,2020-02-12,1802.87,409.04
241,1,1,97,Syntax error in formula 'if this == 1 then 'New' elsif this == 2 then 'Paid' elsif == 3 then 'Unshipped' else 'Shipped'  end',2020-10-01,2020-10-15,2020-10-07,1688.73,588.98
242,2,2,6,Syntax error in formula 'if this == 1 then 'New' elsif this == 2 then 'Paid' elsif == 3 then 'Unshipped' else 'Shipped'  end',2020-11-01,2020-11-14,2020-11-06,1879.70,912.77
243,3,3,105,Syntax error in formula 'if this == 1 then 'New' elsif this == 2 then 'Paid' elsif == 3 then 'Unshipped' else 'Shipped'  end',2020-05-09,2020-05-19,2020-05-15,1961.77,823.67
244,4,4,75,Syntax error in formula 'if this == 1 then 'New' elsif this == 2 then 'Paid' elsif == 3 then 'Unshipped' else 'Shipped'  end',2020-10-26,2020-11-08,2020-10-27,1729.70,115.11
245,5,5,79,Syntax error in formula 'if this == 1 then 'New' elsif this == 2 then 'Paid' elsif == 3 then 'Unshipped' else 'Shipped'  end',2020-04-06,2020-04-16,2020-04-07,1334.89,502.30
246,6,6,67,Syntax error in formula 'if this == 1 then 'New' elsif this == 2 then 'Paid' elsif == 3 then 'Unshipped' else 'Shipped'  end',2020-03-20,2020-03-30,2020-03-25,1490.86,802.21
247,7,7,7,Syntax error in formula 'if this == 1 then 'New' elsif this == 2 then 'Paid' elsif == 3 then 'Unshipped' else 'Shipped'  end',2020-09-03,2020-09-14,2020-09-10,1909.36,568.99
248,8,8,22,Syntax error in formula 'if this == 1 then 'New' elsif this == 2 then 'Paid' elsif == 3 then 'Unshipped' else 'Shipped'  end',2020-09-08,2020-09-21,2020-09-05,1912.29,186.60
249,9,9,134,Syntax error in formula 'if this == 1 then 'New' elsif this == 2 then 'Paid' elsif == 3 then 'Unshipped' else 'Shipped'  end',2020-06-25,2020-07-07,2020-07-03,1956.37,443.17
250,10,10,98,Syntax error in formula 'if this == 1 then 'New' elsif this == 2 then 'Paid' elsif == 3 then 'Unshipped' else 'Shipped'  end',2020-11-02,2020-11-14,2020-11-08,1858.81,359.47
251,11,11,70,Syntax error in formula 'if this == 1 then 'New' elsif this == 2 then 'Paid' elsif == 3 then 'Unshipped' else 'Shipped'  end',2020-08-17,2020-08-23,2020-08-25,1854.27,349.58
252,12,12,102,Syntax error in formula 'if this == 1 then 'New' elsif this == 2 then 'Paid' elsif == 3 then 'Unshipped' else 'Shipped'  end',2020-07-16,2020-07-25,2020-07-25,1662.18,441.98
253,13,13,97,Syntax error in formula 'if this == 1 then 'New' elsif this == 2 then 'Paid' elsif == 3 then 'Unshipped' else 'Shipped'  end',2020-09-10,2020-09-21,2020-09-10,1975.19,651.70
254,14,14,87,Syntax error in formula 'if this == 1 then 'New' elsif this == 2 then 'Paid' elsif == 3 then 'Unshipped' else 'Shipped'  end',2020-07-19,2020-07-27,2020-07-28,1534.35,474.01
255,15,15,195,Syntax error in formula 'if this == 1 then 'New' elsif this == 2 then 'Paid' elsif == 3 then 'Unshipped' else 'Shipped'  end',2020-01-11,2020-01-19,2020-01-28,1006.50,585.51
256,1,1,41,Syntax error in formula 'if this == 1 then 'New' elsif this == 2 then 'Paid' elsif == 3 then 'Unshipped' else 'Shipped'  end',2020-08-18,2020-08-28,2020-08-23,1692.23,733.46
257,2,2,30,Syntax error in formula 'if this == 1 then 'New' elsif this == 2 then 'Paid' elsif == 3 then 'Unshipped' else 'Shipped'  end',2020-03-31,2020-04-08,2020-03-31,1301.98,585.68
258,3,3,80,Syntax error in formula 'if this == 1 then 'New' elsif this == 2 then 'Paid' elsif == 3 then 'Unshipped' else 'Shipped'  end',2020-02-29,2020-03-12,2020-03-10,1914.43,432.90
259,4,4,96,Syntax error in formula 'if this == 1 then 'New' elsif this == 2 then 'Paid' elsif == 3 then 'Unshipped' else 'Shipped'  end',2020-07-10,2020-07-18,2020-07-20,1850.86,966.81
260,5,5,139,Syntax error in formula 'if this == 1 then 'New' elsif this == 2 then 'Paid' elsif == 3 then 'Unshipped' else 'Shipped'  end',2020-08-12,2020-08-20,2020-08-20,1350.35,420.98
261,6,6,46,Syntax error in formula 'if this == 1 then 'New' elsif this == 2 then 'Paid' elsif == 3 then 'Unshipped' else 'Shipped'  end',2020-08-08,2020-08-18,2020-08-10,1768.65,496.06
262,7,7,124,Syntax error in formula 'if this == 1 then 'New' elsif this == 2 then 'Paid' elsif == 3 then 'Unshipped' else 'Shipped'  end',2020-11-15,2020-11-25,2020-11-22,1295.40,573.18
263,8,8,58,Syntax error in formula 'if this == 1 then 'New' elsif this == 2 then 'Paid' elsif == 3 then 'Unshipped' else 'Shipped'  end',2020-07-27,2020-08-06,2020-07-27,1085.70,659.61
264,9,9,105,Syntax error in formula 'if this == 1 then 'New' elsif this == 2 then 'Paid' elsif == 3 then 'Unshipped' else 'Shipped'  end',2020-10-30,2020-11-09,2020-11-10,1772.29,136.90
265,10,10,17,Syntax error in formula 'if this == 1 then 'New' elsif this == 2 then 'Paid' elsif == 3 then 'Unshipped' else 'Shipped'  end',2020-06-26,2020-07-08,2020-07-11,1799.88,990.93
266,11,11,188,Syntax error in formula 'if this == 1 then 'New' elsif this == 2 then 'Paid' elsif == 3 then 'Unshipped' else 'Shipped'  end',2020-03-07,2020-03-15,2020-03-13,1439.27,685.52
267,12,12,47,Syntax error in formula 'if this == 1 then 'New' elsif this == 2 then 'Paid' elsif == 3 then 'Unshipped' else 'Shipped'  end',2020-09-02,2020-09-15,2020-09-09,1197.39,453.59
268,13,13,119,Syntax error in formula 'if this == 1 then 'New' elsif this == 2 then 'Paid' elsif == 3 then 'Unshipped' else 'Shipped'  end',2020-09-13,2020-09-27,2020-09-19,1966.36,561.67
269,14,14,54,Syntax error in formula 'if this == 1 then 'New' elsif this == 2 then 'Paid' elsif == 3 then 'Unshipped' else 'Shipped'  end',2020-05-13,2020-05-24,2020-05-17,1737.09,119.70
270,15,15,38,Syntax error in formula 'if this == 1 then 'New' elsif this == 2 then 'Paid' elsif == 3 then 'Unshipped' else 'Shipped'  end',2020-03-25,2020-04-02,2020-04-04,1444.35,809.37
271,1,1,134,Syntax error in formula 'if this == 1 then 'New' elsif this == 2 then 'Paid' elsif == 3 then 'Unshipped' else 'Shipped'  end',2020-01-05,2020-01-17,2020-01-10,1078.08,620.61
272,2,2,197,Syntax error in formula 'if this == 1 then 'New' elsif this == 2 then 'Paid' elsif == 3 then 'Unshipped' else 'Shipped'  end',2020-03-29,2020-04-05,2020-04-01,1457.82,543.48
273,3,3,46,Syntax error in formula 'if this == 1 then 'New' elsif this == 2 then 'Paid' elsif == 3 then 'Unshipped' else 'Shipped'  end',2020-10-06,2020-10-17,2020-10-08,1543.57,682.28
274,4,4,83,Syntax error in formula 'if this == 1 then 'New' elsif this == 2 then 'Paid' elsif == 3 then 'Unshipped' else 'Shipped'  end',2020-01-15,2020-01-29,2020-01-17,1140.48,927.92
275,5,5,74,Syntax error in formula 'if this == 1 then 'New' elsif this == 2 then 'Paid' elsif == 3 then 'Unshipped' else 'Shipped'  end',2020-03-28,2020-04-05,2020-03-30,1118.39,829.78
276,6,6,43,Syntax error in formula 'if this == 1 then 'New' elsif this == 2 then 'Paid' elsif == 3 then 'Unshipped' else 'Shipped'  end',2020-10-14,2020-10-22,2020-10-24,1146.57,822.48
277,7,7,136,Syntax error in formula 'if this == 1 then 'New' elsif this == 2 then 'Paid' elsif == 3 then 'Unshipped' else 'Shipped'  end',2020-10-02,2020-10-15,2020-10-04,1483.67,128.60
278,8,8,45,Syntax error in formula 'if this == 1 then 'New' elsif this == 2 then 'Paid' elsif == 3 then 'Unshipped' else 'Shipped'  end',2020-10-11,2020-10-20,2020-10-18,1825.44,441.72
279,9,9,148,Syntax error in formula 'if this == 1 then 'New' elsif this == 2 then 'Paid' elsif == 3 then 'Unshipped' else 'Shipped'  end',2020-10-21,2020-10-28,2020-11-01,1054.12,547.70
280,10,10,145,Syntax error in formula 'if this == 1 then 'New' elsif this == 2 then 'Paid' elsif == 3 then 'Unshipped' else 'Shipped'  end',2020-05-19,2020-05-24,2020-05-23,1132.34,545.18
281,11,11,171,Syntax error in formula 'if this == 1 then 'New' elsif this == 2 then 'Paid' elsif == 3 then 'Unshipped' else 'Shipped'  end',2020-10-10,2020-10-22,2020-10-15,1672.91,801.00
282,12,12,164,Syntax error in formula 'if this == 1 then 'New' elsif this == 2 then 'Paid' elsif == 3 then 'Unshipped' else 'Shipped'  end',2020-08-06,2020-08-15,2020-08-17,1259.20,170.27
283,13,13,11,Syntax error in formula 'if this == 1 then 'New' elsif this == 2 then 'Paid' elsif == 3 then 'Unshipped' else 'Shipped'  end',2020-03-06,2020-03-20,2020-03-11,1272.15,415.16
284,14,14,199,Syntax error in formula 'if this == 1 then 'New' elsif this == 2 then 'Paid' elsif == 3 then 'Unshipped' else 'Shipped'  end',2020-08-02,2020-08-14,2020-08-13,1236.03,896.91
285,15,15,29,Syntax error in formula 'if this == 1 then 'New' elsif this == 2 then 'Paid' elsif == 3 then 'Unshipped' else 'Shipped'  end',2020-10-29,2020-11-12,2020-11-12,1352.01,254.99
286,1,1,12,Syntax error in formula 'if this == 1 then 'New' elsif this == 2 then 'Paid' elsif == 3 then 'Unshipped' else 'Shipped'  end',2020-03-10,2020-03-19,2020-03-17,1893.80,127.34
287,2,2,56,Syntax error in formula 'if this == 1 then 'New' elsif this == 2 then 'Paid' elsif == 3 then 'Unshipped' else 'Shipped'  end',2020-06-29,2020-07-10,2020-07-08,1288.51,504.71
288,3,3,161,Syntax error in formula 'if this == 1 then 'New' elsif this == 2 then 'Paid' elsif == 3 then 'Unshipped' else 'Shipped'  end',2020-09-29,2020-10-12,2020-09-29,1022.11,931.25
289,4,4,20,Syntax error in formula 'if this == 1 then 'New' elsif this == 2 then 'Paid' elsif == 3 then 'Unshipped' else 'Shipped'  end',2020-10-16,2020-10-29,2020-10-23,1915.11,443.59
290,5,5,8,Syntax error in formula 'if this == 1 then 'New' elsif this == 2 then 'Paid' elsif == 3 then 'Unshipped' else 'Shipped'  end',2020-10-22,2020-11-05,2020-10-24,1265.84,976.29
291,6,6,124,Syntax error in formula 'if this == 1 then 'New' elsif this == 2 then 'Paid' elsif == 3 then 'Unshipped' else 'Shipped'  end',2020-07-10,2020-07-21,2020-07-21,1365.19,805.84
292,7,7,176,Syntax error in formula 'if this == 1 then 'New' elsif this == 2 then 'Paid' elsif == 3 then 'Unshipped' else 'Shipped'  end',2020-08-05,2020-08-13,2020-08-04,1270.78,529.56
293,8,8,137,Syntax error in formula 'if this == 1 then 'New' elsif this == 2 then 'Paid' elsif == 3 then 'Unshipped' else 'Shipped'  end',2020-02-09,2020-02-18,2020-02-19,1253.80,122.57
294,9,9,61,Syntax error in formula 'if this == 1 then 'New' elsif this == 2 then 'Paid' elsif == 3 then 'Unshipped' else 'Shipped'  end',2020-01-22,2020-02-01,2020-02-03,1881.91,805.62
295,10,10,74,Syntax error in formula 'if this == 1 then 'New' elsif this == 2 then 'Paid' elsif == 3 then 'Unshipped' else 'Shipped'  end',2020-06-03,2020-06-13,2020-06-10,1191.60,359.05
296,11,11,104,Syntax error in formula 'if this == 1 then 'New' elsif this == 2 then 'Paid' elsif == 3 then 'Unshipped' else 'Shipped'  end',2020-01-22,2020-02-03,2020-01-27,1356.98,302.12
297,12,12,55,Syntax error in formula 'if this == 1 then 'New' elsif this == 2 then 'Paid' elsif == 3 then 'Unshipped' else 'Shipped'  end',2020-01-19,2020-01-24,2020-01-28,1535.59,901.37
298,13,13,105,Syntax error in formula 'if this == 1 then 'New' elsif this == 2 then 'Paid' elsif == 3 then 'Unshipped' else 'Shipped'  end',2020-10-01,2020-10-14,2020-09-28,1516.33,431.22
299,14,14,122,Syntax error in formula 'if this == 1 then 'New' elsif this == 2 then 'Paid' elsif == 3 then 'Unshipped' else 'Shipped'  end',2020-07-22,2020-08-01,2020-07-23,1831.01,790.20
300,15,15,186,Syntax error in formula 'if this == 1 then 'New' elsif this == 2 then 'Paid' elsif == 3 then 'Unshipped' else 'Shipped'  end',2020-01-06,2020-01-19,2020-01-07,1750.46,459.58
